number,name_full,name,suffix,canonization,birth,start,end,age_start,age_end,tenure
1,Peter,Peter,1,Saint,0001-06-30T00:00:00Z,0030-01-01T00:00:00Z,0064-12-31T00:00:00Z,28,63,34.99726775956284
255,Pius IX,,9,Blessed,1792-05-13T00:00:00Z,1846-06-16T00:00:00Z,1878-02-07T00:00:00Z,54,85,31.646575342465752
264,John Paul II,,2,Saint,1920-05-18T00:00:00Z,1978-10-16T00:00:00Z,2005-04-02T00:00:00Z,58,84,26.46027397260274
256,Leo XIII,,13,NA,1810-03-02T00:00:00Z,1878-02-20T00:00:00Z,1903-07-20T00:00:00Z,67,93,25.410958904109588
250,Pius VI,,6,NA,1717-12-25T00:00:00Z,1775-02-15T00:00:00Z,1799-08-29T00:00:00Z,57,81,24.534246575342465
95,Adrian I,,1,NA,0700-06-30T00:00:00Z,0772-02-01T00:00:00Z,0795-12-26T00:00:00Z,71,95,23.898630136986302
251,Pius VII,,7,Servant of God,1742-08-14T00:00:00Z,1800-03-14T00:00:00Z,1823-08-20T00:00:00Z,57,81,23.434426229508198
170,Alexander III,,3,NA,1100-06-30T00:00:00Z,1159-09-07T00:00:00Z,1181-08-30T00:00:00Z,59,81,21.97808219178082
33,Sylvester I,,1,Saint,0285-06-30T00:00:00Z,0314-01-31T00:00:00Z,0335-12-31T00:00:00Z,28,50,21.915068493150685
45,Leo I,,1,Saint,0390-06-30T00:00:00Z,0440-09-29T00:00:00Z,0461-11-10T00:00:00Z,50,71,21.115068493150684
235,Urban VIII,,8,NA,1568-04-05T00:00:00Z,1623-08-06T00:00:00Z,1644-07-29T00:00:00Z,55,76,20.97814207650273
96,Leo III,,3,Saint,0750-06-30T00:00:00Z,0795-12-26T00:00:00Z,0816-06-12T00:00:00Z,45,65,20.461748633879782
243,Clement XI,,11,NA,1649-07-23T00:00:00Z,1700-11-23T00:00:00Z,1721-03-19T00:00:00Z,51,71,20.317808219178083
260,Pius XII,,12,Venerable,1876-03-02T00:00:00Z,1939-03-02T00:00:00Z,1958-10-09T00:00:00Z,63,82,19.605479452054794
176,Innocent III,,3,NA,1161-06-30T00:00:00Z,1198-01-08T00:00:00Z,1216-07-16T00:00:00Z,36,55,18.51912568306011
160,Paschal II,,2,NA,1050-06-30T00:00:00Z,1099-08-13T00:00:00Z,1118-01-21T00:00:00Z,49,67,18.44109589041096
15,Zephyrinus,Zephyrinus,1,Saint,0160-06-30T00:00:00Z,0199-07-28T00:00:00Z,0217-12-20T00:00:00Z,39,57,18.397260273972602
196,John XXII,,22,NA,1244-06-30T00:00:00Z,1316-08-07T00:00:00Z,1334-12-04T00:00:00Z,72,90,18.326027397260273
37,Damasus I,,1,Saint,0305-06-30T00:00:00Z,0366-10-01T00:00:00Z,0384-12-11T00:00:00Z,61,79,18.194520547945206
59,Vigilius,Vigilius,1,NA,0500-06-30T00:00:00Z,0537-03-29T00:00:00Z,0555-06-07T00:00:00Z,36,54,18.19125683060109
247,Benedict XIV,,14,NA,1675-03-31T00:00:00Z,1740-08-17T00:00:00Z,1758-05-03T00:00:00Z,65,83,17.70958904109589
259,Pius XI,,11,NA,1857-05-31T00:00:00Z,1922-02-06T00:00:00Z,1939-02-10T00:00:00Z,64,81,17.01095890410959
101,Gregory IV,,4,NA,0790-06-30T00:00:00Z,0827-12-20T00:00:00Z,0844-01-25T00:00:00Z,37,53,16.098360655737704
207,Eugene IV,,4,NA,1383-06-30T00:00:00Z,1431-03-03T00:00:00Z,1447-02-23T00:00:00Z,47,63,15.978082191780821
89,Gregory II,,2,Saint,0669-06-30T00:00:00Z,0715-05-19T00:00:00Z,0731-02-11T00:00:00Z,45,61,15.734246575342466
233,Paul V,,5,NA,1550-09-17T00:00:00Z,1605-05-16T00:00:00Z,1621-01-28T00:00:00Z,54,70,15.704109589041096
51,Symmachus,Symmachus,1,Saint,0460-06-30T00:00:00Z,0498-11-22T00:00:00Z,0514-07-19T00:00:00Z,38,54,15.654794520547945
10,Pius I,,1,Saint,0081-06-30T00:00:00Z,0140-01-11T00:00:00Z,0155-07-11T00:00:00Z,58,74,15.495890410958904
254,Gregory XVI,,16,NA,1765-09-18T00:00:00Z,1831-02-02T00:00:00Z,1846-06-01T00:00:00Z,65,80,15.326027397260274
40,Innocent I,,1,Saint,0378-06-30T00:00:00Z,0401-12-21T00:00:00Z,0417-03-12T00:00:00Z,23,38,15.221917808219178
35,Julius I,,1,Saint,0280-06-30T00:00:00Z,0337-02-06T00:00:00Z,0352-04-12T00:00:00Z,56,71,15.180327868852459
262,Paul VI,,6,Saint,1897-09-26T00:00:00Z,1963-06-21T00:00:00Z,1978-08-06T00:00:00Z,65,80,15.126027397260273
13,Eleutherius,Eleutherius,1,Saint,0130-06-30T00:00:00Z,0174-04-22T00:00:00Z,0189-05-26T00:00:00Z,43,58,15.093150684931507
220,Paul III,,3,NA,1468-02-29T00:00:00Z,1534-10-13T00:00:00Z,1549-11-10T00:00:00Z,66,81,15.076712328767123
47,Simplicius,Simplicius,1,Saint,0430-06-30T00:00:00Z,0468-03-03T00:00:00Z,0483-03-10T00:00:00Z,37,52,15.019125683060109
38,Siricius,Siricius,1,Saint,0334-06-30T00:00:00Z,0384-12-17T00:00:00Z,0399-11-26T00:00:00Z,50,65,14.942465753424658
203,Boniface IX,,9,NA,1348-06-30T00:00:00Z,1389-11-02T00:00:00Z,1404-10-01T00:00:00Z,41,56,14.912568306010929
76,Vitalian,Vitalian,1,Saint,0600-06-30T00:00:00Z,0657-07-30T00:00:00Z,0672-01-27T00:00:00Z,57,71,14.494535519125684
178,Gregory IX,,9,NA,1145-06-30T00:00:00Z,1227-03-19T00:00:00Z,1241-08-22T00:00:00Z,81,96,14.427397260273972
36,Liberius,Liberius,1,NA,0310-06-30T00:00:00Z,0352-05-17T00:00:00Z,0366-09-24T00:00:00Z,41,56,14.356164383561644
122,John X,,10,NA,0860-06-30T00:00:00Z,0914-03-01T00:00:00Z,0928-05-28T00:00:00Z,53,67,14.241095890410959
20,Fabian,Fabian,1,Saint,0200-06-30T00:00:00Z,0236-01-10T00:00:00Z,0250-01-20T00:00:00Z,35,49,14.027397260273972
84,Sergius I,,1,Saint,0650-06-30T00:00:00Z,0687-12-15T00:00:00Z,0701-09-08T00:00:00Z,37,51,13.731506849315068
164,Innocent II,,2,NA,1082-06-30T00:00:00Z,1130-02-14T00:00:00Z,1143-09-24T00:00:00Z,47,61,13.608219178082193
64,Gregory I,,1,Saint,0540-06-30T00:00:00Z,0590-09-03T00:00:00Z,0604-03-12T00:00:00Z,50,63,13.521857923497269
206,Martin V,,5,NA,1369-06-30T00:00:00Z,1417-11-11T00:00:00Z,1431-02-20T00:00:00Z,48,61,13.276712328767124
231,Clement VIII,,8,NA,1536-02-24T00:00:00Z,1592-01-30T00:00:00Z,1605-03-03T00:00:00Z,55,69,13.087671232876712
212,Sixtus IV,,4,NA,1414-07-21T00:00:00Z,1471-08-09T00:00:00Z,1484-08-12T00:00:00Z,57,70,13.008219178082191
2,Linus,Linus,1,Saint,0010-06-30T00:00:00Z,0064-01-01T00:00:00Z,0076-12-31T00:00:00Z,53,66,12.997267759562842
3,Anacletus,Anacletus,1,Saint,0025-06-30T00:00:00Z,0076-01-01T00:00:00Z,0088-12-31T00:00:00Z,50,63,12.997267759562842
61,John III,,3,NA,0520-06-30T00:00:00Z,0561-07-17T00:00:00Z,0574-07-13T00:00:00Z,41,54,12.98904109589041
70,Honorius I,,1,NA,0585-06-30T00:00:00Z,0625-10-27T00:00:00Z,0638-10-12T00:00:00Z,40,53,12.95890410958904
226,Gregory XIII,,13,NA,1502-01-07T00:00:00Z,1572-05-13T00:00:00Z,1585-04-10T00:00:00Z,70,83,12.90958904109589
240,Innocent XI,,11,Blessed,1611-05-16T00:00:00Z,1676-09-21T00:00:00Z,1689-08-12T00:00:00Z,65,78,12.89041095890411
28,Caius,Caius,1,Saint,0245-06-30T00:00:00Z,0283-12-17T00:00:00Z,0296-04-22T00:00:00Z,38,50,12.346994535519126
145,Benedict IX,,9,NA,NA,1032-10-21T00:00:00Z,1044-12-31T00:00:00Z,NA,NA,12.194520547945206
237,Alexander VII,,7,NA,1599-02-13T00:00:00Z,1655-04-07T00:00:00Z,1667-05-22T00:00:00Z,56,68,12.12295081967213
157,Gregory VII,,7,Saint,1015-06-30T00:00:00Z,1073-04-22T00:00:00Z,1085-05-25T00:00:00Z,57,69,12.09041095890411
143,Benedict VIII,,8,NA,0980-06-30T00:00:00Z,1012-05-18T00:00:00Z,1024-04-09T00:00:00Z,31,43,11.89344262295082
266,Francis,Francis,1,NA,1936-12-17T00:00:00Z,2013-03-13T00:00:00Z,NA,76,NA,NA
4,Clement I,,1,Saint,0035-06-30T00:00:00Z,0088-04-26T00:00:00Z,0099-11-23T00:00:00Z,52,64,11.578082191780823
156,Alexander II,,2,NA,1018-06-30T00:00:00Z,1061-09-30T00:00:00Z,1073-04-21T00:00:00Z,43,54,11.556164383561644
202,Urban VI,,6,NA,1318-06-30T00:00:00Z,1378-04-08T00:00:00Z,1389-10-15T00:00:00Z,59,71,11.520547945205479
180,Innocent IV,,4,NA,1195-06-30T00:00:00Z,1243-06-25T00:00:00Z,1254-12-07T00:00:00Z,47,59,11.452054794520548
159,Urban II,,2,Blessed,1042-06-30T00:00:00Z,1088-03-12T00:00:00Z,1099-07-29T00:00:00Z,45,57,11.38082191780822
257,Pius X,,10,Saint,1835-06-02T00:00:00Z,1903-08-04T00:00:00Z,1914-08-20T00:00:00Z,68,79,11.043835616438356
214,Alexander VI,,6,NA,1431-01-01T00:00:00Z,1492-08-11T00:00:00Z,1503-08-18T00:00:00Z,61,72,11.019125683060109
219,Clement VII,,7,NA,1478-05-26T00:00:00Z,1523-11-26T00:00:00Z,1534-09-25T00:00:00Z,45,56,10.830136986301369
11,Anicetus,Anicetus,1,Saint,0092-06-30T00:00:00Z,0155-07-11T00:00:00Z,0166-04-20T00:00:00Z,63,73,10.775342465753425
8,Telesphorus,Telesphorus,1,Saint,0067-06-30T00:00:00Z,0125-04-03T00:00:00Z,0136-01-05T00:00:00Z,57,68,10.756830601092895
90,Gregory III,,3,Saint,0669-06-30T00:00:00Z,0731-03-18T00:00:00Z,0741-11-28T00:00:00Z,61,72,10.698630136986301
177,Honorius III,,3,NA,1148-06-30T00:00:00Z,1216-07-18T00:00:00Z,1227-03-18T00:00:00Z,68,78,10.665753424657535
137,John XV,,15,NA,0950-06-30T00:00:00Z,0985-08-20T00:00:00Z,0996-04-01T00:00:00Z,35,45,10.614754098360656
198,Clement VI,,6,NA,1291-06-30T00:00:00Z,1342-05-07T00:00:00Z,1352-12-06T00:00:00Z,50,61,10.583561643835617
248,Clement XIII,,13,NA,1693-03-07T00:00:00Z,1758-07-06T00:00:00Z,1769-02-02T00:00:00Z,65,75,10.578082191780823
236,Innocent X,,10,NA,1574-05-06T00:00:00Z,1644-09-15T00:00:00Z,1655-01-07T00:00:00Z,70,80,10.312328767123288
91,Zachary,Zachary,1,Saint,0679-06-30T00:00:00Z,0741-12-03T00:00:00Z,0752-03-22T00:00:00Z,62,72,10.300546448087431
63,Pelagius II,,2,NA,0520-06-30T00:00:00Z,0579-11-26T00:00:00Z,0590-02-07T00:00:00Z,59,69,10.2
14,Victor I,,1,Saint,0155-06-30T00:00:00Z,0189-05-26T00:00:00Z,0199-07-28T00:00:00Z,33,44,10.172602739726027
93,Paul I,,1,Saint,0700-06-30T00:00:00Z,0757-05-29T00:00:00Z,0767-06-28T00:00:00Z,56,66,10.081967213114755
107,John VIII,,8,NA,0820-06-30T00:00:00Z,0872-12-14T00:00:00Z,0882-12-16T00:00:00Z,52,62,10.005479452054795
7,Sixtus I,,1,Saint,0042-06-30T00:00:00Z,0115-05-03T00:00:00Z,0125-04-03T00:00:00Z,72,82,9.917808219178083
43,Celestine I,,1,Saint,0380-06-30T00:00:00Z,0422-09-10T00:00:00Z,0432-07-27T00:00:00Z,42,52,9.87704918032787
199,Innocent VI,,6,NA,1282-06-30T00:00:00Z,1352-12-18T00:00:00Z,1362-09-12T00:00:00Z,70,80,9.734246575342466
246,Clement XII,,12,NA,1652-04-07T00:00:00Z,1730-07-12T00:00:00Z,1740-02-06T00:00:00Z,78,87,9.57103825136612
105,Nicholas I,,1,Saint,0800-06-30T00:00:00Z,0858-04-24T00:00:00Z,0867-11-13T00:00:00Z,57,67,9.55464480874317
6,Alexander I,,1,Saint,0075-06-30T00:00:00Z,0105-10-27T00:00:00Z,0115-05-03T00:00:00Z,30,39,9.515068493150684
129,Agapetus II,,2,NA,0905-06-30T00:00:00Z,0946-05-10T00:00:00Z,0955-11-08T00:00:00Z,40,50,9.497267759562842
25,Dionysius,Dionysius,1,Saint,0200-06-30T00:00:00Z,0259-07-22T00:00:00Z,0268-12-26T00:00:00Z,59,68,9.43013698630137
216,Julius II,,2,NA,1443-12-05T00:00:00Z,1503-10-31T00:00:00Z,1513-02-21T00:00:00Z,59,69,9.30958904109589
242,Innocent XII,,12,NA,1615-03-13T00:00:00Z,1691-07-12T00:00:00Z,1700-09-27T00:00:00Z,76,85,9.210958904109589
52,Hormisdas,Hormisdas,1,Saint,0450-06-30T00:00:00Z,0514-07-20T00:00:00Z,0523-08-06T00:00:00Z,64,73,9.046448087431694
48,Felix III,,3,Saint,0440-06-30T00:00:00Z,0483-03-13T00:00:00Z,0492-03-01T00:00:00Z,42,51,8.967213114754099
27,Eutychian,Eutychian,1,Saint,0240-06-30T00:00:00Z,0275-01-04T00:00:00Z,0283-12-07T00:00:00Z,34,43,8.923287671232877
195,Clement V,,5,NA,1264-06-30T00:00:00Z,1305-06-05T00:00:00Z,1314-04-20T00:00:00Z,40,49,8.873972602739727
193,Boniface VIII,,8,NA,1230-06-30T00:00:00Z,1294-12-24T00:00:00Z,1303-10-11T00:00:00Z,64,73,8.797260273972602
135,Benedict VII,,7,NA,0930-06-30T00:00:00Z,0974-10-01T00:00:00Z,0983-07-10T00:00:00Z,44,53,8.772602739726027
217,Leo X,,10,NA,1475-12-11T00:00:00Z,1513-03-09T00:00:00Z,1521-12-01T00:00:00Z,37,45,8.731506849315068
205,Gregory XII,,12,NA,1327-06-30T00:00:00Z,1406-11-30T00:00:00Z,1415-07-04T00:00:00Z,79,88,8.591780821917808
144,John XIX,,19,NA,0975-06-30T00:00:00Z,1024-05-14T00:00:00Z,1032-10-06T00:00:00Z,48,57,8.397260273972602
167,Eugene III,,3,Blessed,1080-06-30T00:00:00Z,1145-02-15T00:00:00Z,1153-07-08T00:00:00Z,64,73,8.391780821917807
103,Leo IV,,4,Saint,0790-06-30T00:00:00Z,0847-04-10T00:00:00Z,0855-07-17T00:00:00Z,56,65,8.26775956284153
200,Urban V,,5,Blessed,1309-06-30T00:00:00Z,1362-09-28T00:00:00Z,1370-12-19T00:00:00Z,53,61,8.224657534246575
44,Sixtus III,,3,Saint,0390-06-30T00:00:00Z,0432-07-31T00:00:00Z,0440-08-18T00:00:00Z,42,50,8.04931506849315
208,Nicholas V,,5,NA,1397-11-13T00:00:00Z,1447-03-06T00:00:00Z,1455-03-24T00:00:00Z,49,57,8.049180327868852
12,Soter,Soter,1,Saint,0119-06-30T00:00:00Z,0166-04-20T00:00:00Z,0174-04-22T00:00:00Z,46,54,8.005479452054795
130,John XII,,12,NA,0930-06-30T00:00:00Z,0955-12-16T00:00:00Z,0963-12-06T00:00:00Z,25,33,7.972602739726027
213,Innocent VIII,,8,NA,1432-06-30T00:00:00Z,1484-08-29T00:00:00Z,1492-07-25T00:00:00Z,52,60,7.904371584699454
265,Benedict XVI,,16,NA,1927-04-16T00:00:00Z,2005-04-19T00:00:00Z,2013-02-28T00:00:00Z,78,85,7.863013698630137
29,Marcellinus,Marcellinus,1,Saint,0250-06-30T00:00:00Z,0296-06-30T00:00:00Z,0304-04-26T00:00:00Z,46,53,7.8224043715847
17,Urban I,,1,Saint,0175-06-30T00:00:00Z,0222-10-14T00:00:00Z,0230-05-23T00:00:00Z,47,54,7.605479452054794
258,Benedict XV,,15,NA,1854-11-21T00:00:00Z,1914-09-03T00:00:00Z,1922-01-22T00:00:00Z,59,67,7.3863013698630136
197,Benedict XII,,12,NA,1280-06-30T00:00:00Z,1334-12-20T00:00:00Z,1342-04-25T00:00:00Z,54,61,7.345205479452055
201,Gregory XI,,11,NA,1329-06-30T00:00:00Z,1370-12-30T00:00:00Z,1378-03-27T00:00:00Z,41,48,7.238356164383561
119,Sergius III,,3,NA,0860-06-30T00:00:00Z,0904-01-29T00:00:00Z,0911-04-14T00:00:00Z,43,50,7.205479452054795
98,Paschal I,,1,Saint,0775-06-30T00:00:00Z,0817-01-25T00:00:00Z,0824-02-11T00:00:00Z,41,48,7.046448087431694
88,Constantine,Constantine,1,NA,0664-06-30T00:00:00Z,0708-03-25T00:00:00Z,0715-04-09T00:00:00Z,43,50,7.040983606557377
133,John XIII,,13,NA,0930-06-30T00:00:00Z,0965-10-01T00:00:00Z,0972-09-06T00:00:00Z,35,42,6.9316939890710385
211,Paul II,,2,NA,1417-02-23T00:00:00Z,1464-08-30T00:00:00Z,1471-07-26T00:00:00Z,47,54,6.904109589041096
175,Celestine III,,3,NA,1106-06-30T00:00:00Z,1191-03-30T00:00:00Z,1198-01-08T00:00:00Z,84,91,6.778082191780822
67,Boniface IV,,4,Saint,0550-06-30T00:00:00Z,0608-09-15T00:00:00Z,0615-05-08T00:00:00Z,58,64,6.6438356164383565
73,Theodore I,,1,NA,0610-06-30T00:00:00Z,0642-11-24T00:00:00Z,0649-05-14T00:00:00Z,32,38,6.468493150684932
181,Alexander IV,,4,NA,1199-06-30T00:00:00Z,1254-12-12T00:00:00Z,1261-05-25T00:00:00Z,55,61,6.449315068493151
74,Martin I,,1,Saint,0590-06-30T00:00:00Z,0649-07-05T00:00:00Z,0655-11-12T00:00:00Z,59,65,6.355191256830601
225,Pius V,,5,Saint,1504-01-17T00:00:00Z,1566-01-07T00:00:00Z,1572-05-01T00:00:00Z,61,68,6.314207650273224
46,Hilary,Hilary,1,Saint,0400-06-30T00:00:00Z,0461-11-19T00:00:00Z,0468-02-29T00:00:00Z,61,67,6.278688524590164
239,Clement X,,10,NA,1590-07-13T00:00:00Z,1670-04-29T00:00:00Z,1676-07-22T00:00:00Z,79,86,6.23013698630137
210,Pius II,,2,NA,1405-10-18T00:00:00Z,1458-08-19T00:00:00Z,1464-08-15T00:00:00Z,52,58,5.989071038251366
26,Felix I,,1,Saint,0206-06-30T00:00:00Z,0269-01-05T00:00:00Z,0274-12-30T00:00:00Z,62,68,5.983561643835617
110,Stephen V,,5,Saint,0840-06-30T00:00:00Z,0885-09-14T00:00:00Z,0891-09-04T00:00:00Z,45,51,5.972602739726027
224,Pius IV,,4,NA,1499-03-31T00:00:00Z,1559-12-26T00:00:00Z,1565-12-09T00:00:00Z,60,66,5.953424657534247
5,Evaristus,Evaristus,1,Saint,0030-06-30T00:00:00Z,0099-11-23T00:00:00Z,0105-10-27T00:00:00Z,69,75,5.926027397260274
162,Callixtus II,,2,NA,1060-06-30T00:00:00Z,1119-02-02T00:00:00Z,1124-12-13T00:00:00Z,58,64,5.860655737704918
69,Boniface V,,5,NA,0575-06-30T00:00:00Z,0619-12-23T00:00:00Z,0625-10-25T00:00:00Z,44,50,5.838356164383562
245,Benedict XIII,,13,Servant of God,1649-02-02T00:00:00Z,1724-05-29T00:00:00Z,1730-02-21T00:00:00Z,75,81,5.734246575342466
141,John XVIII,,18,NA,0965-06-30T00:00:00Z,1003-12-25T00:00:00Z,1009-07-18T00:00:00Z,38,44,5.561643835616438
252,Leo XII,,12,NA,1760-08-22T00:00:00Z,1823-09-28T00:00:00Z,1829-02-10T00:00:00Z,63,68,5.36986301369863
249,Clement XIV,,14,NA,1705-10-31T00:00:00Z,1769-05-19T00:00:00Z,1774-09-22T00:00:00Z,63,68,5.345205479452055
227,Sixtus V,,5,NA,1521-12-13T00:00:00Z,1585-04-24T00:00:00Z,1590-08-27T00:00:00Z,63,68,5.342465753424658
152,Leo IX,,9,Saint,1002-07-21T00:00:00Z,1049-02-12T00:00:00Z,1054-04-19T00:00:00Z,46,51,5.1808219178082195
163,Honorius II,,2,NA,1060-02-09T00:00:00Z,1124-12-21T00:00:00Z,1130-02-13T00:00:00Z,64,70,5.147945205479452
221,Julius III,,3,NA,1487-09-10T00:00:00Z,1550-02-07T00:00:00Z,1555-03-29T00:00:00Z,62,67,5.136986301369863
18,Pontian,Pontian,1,Saint,0175-06-30T00:00:00Z,0230-08-21T00:00:00Z,0235-09-28T00:00:00Z,55,60,5.103825136612022
92,Stephen II,,2,Saint,0714-06-30T00:00:00Z,0752-03-26T00:00:00Z,0757-04-26T00:00:00Z,37,42,5.0849315068493155
106,Adrian II,,2,NA,0792-06-30T00:00:00Z,0867-12-14T00:00:00Z,0872-12-14T00:00:00Z,75,80,5
60,Pelagius I,,1,NA,0505-06-30T00:00:00Z,0556-04-16T00:00:00Z,0561-03-04T00:00:00Z,50,55,4.882191780821918
16,Callixtus I,,1,Saint,0155-06-30T00:00:00Z,0217-12-20T00:00:00Z,0222-10-14T00:00:00Z,62,67,4.816438356164383
169,Adrian IV,,4,NA,1100-06-30T00:00:00Z,1154-12-04T00:00:00Z,1159-09-01T00:00:00Z,54,59,4.742465753424657
49,Gelasius I,,1,Saint,0410-06-30T00:00:00Z,0492-03-01T00:00:00Z,0496-11-21T00:00:00Z,81,86,4.726027397260274
125,John XI,,11,NA,0910-06-30T00:00:00Z,0931-03-15T00:00:00Z,0935-12-01T00:00:00Z,20,25,4.713114754098361
261,John XXIII,,23,Saint,1881-11-25T00:00:00Z,1958-10-28T00:00:00Z,1963-06-03T00:00:00Z,76,81,4.597260273972603
111,Formosus,Formosus,1,NA,0805-06-30T00:00:00Z,0891-10-06T00:00:00Z,0896-04-04T00:00:00Z,86,90,4.494535519125683
184,Gregory X,,10,Blessed,1210-06-30T00:00:00Z,1271-09-01T00:00:00Z,1276-01-10T00:00:00Z,61,65,4.35792349726776
223,Paul IV,,4,NA,1476-06-28T00:00:00Z,1555-05-23T00:00:00Z,1559-08-18T00:00:00Z,78,83,4.237704918032787
171,Lucius III,,3,NA,1097-06-30T00:00:00Z,1181-09-01T00:00:00Z,1185-11-25T00:00:00Z,84,88,4.232876712328767
54,Felix IV,,4,Saint,0490-06-30T00:00:00Z,0526-07-12T00:00:00Z,0530-09-22T00:00:00Z,36,40,4.197260273972603
77,Adeodatus II,,2,NA,0621-06-30T00:00:00Z,0672-04-11T00:00:00Z,0676-06-17T00:00:00Z,50,54,4.183561643835616
62,Benedict I,,1,NA,0525-06-30T00:00:00Z,0575-06-02T00:00:00Z,0579-07-30T00:00:00Z,49,54,4.158469945355192
191,Nicholas IV,,4,NA,1227-09-30T00:00:00Z,1288-02-22T00:00:00Z,1292-04-04T00:00:00Z,60,64,4.114754098360656
139,Sylvester II,,2,NA,0940-06-30T00:00:00Z,0999-04-02T00:00:00Z,1003-05-12T00:00:00Z,58,62,4.109289617486339
189,Martin IV,,4,NA,1210-06-30T00:00:00Z,1281-02-22T00:00:00Z,1285-03-28T00:00:00Z,70,74,4.093150684931507
9,Hyginus,Hyginus,1,Saint,0074-06-30T00:00:00Z,0136-01-05T00:00:00Z,0140-01-11T00:00:00Z,61,65,4.016393442622951
183,Clement IV,,4,NA,1190-11-23T00:00:00Z,1265-02-05T00:00:00Z,1268-11-29T00:00:00Z,74,78,3.8142076502732243
42,Boniface I,,1,Saint,0377-06-30T00:00:00Z,0418-12-28T00:00:00Z,0422-09-04T00:00:00Z,41,45,3.684931506849315
126,Leo VII,,7,NA,0885-06-30T00:00:00Z,0936-01-03T00:00:00Z,0939-07-13T00:00:00Z,50,54,3.5232876712328767
128,Marinus II,,2,NA,0900-06-30T00:00:00Z,0942-10-30T00:00:00Z,0946-05-01T00:00:00Z,42,45,3.5013698630136987
117,Benedict IV,,4,NA,0840-06-30T00:00:00Z,0900-02-01T00:00:00Z,0903-07-30T00:00:00Z,59,63,3.4904109589041097
94,Stephen III,,3,Saint,0723-06-30T00:00:00Z,0768-08-07T00:00:00Z,0772-01-24T00:00:00Z,45,48,3.4644808743169397
23,Stephen I,,1,Saint,0205-06-30T00:00:00Z,0254-03-12T00:00:00Z,0257-08-02T00:00:00Z,48,52,3.3917808219178083
209,Callixtus III,,3,NA,1378-12-31T00:00:00Z,1455-04-08T00:00:00Z,1458-08-06T00:00:00Z,76,79,3.328767123287671
99,Eugene II,,2,NA,0780-06-30T00:00:00Z,0824-05-08T00:00:00Z,0827-08-27T00:00:00Z,43,47,3.30327868852459
127,Stephen VIII,,8,Saint,0900-06-30T00:00:00Z,0939-07-14T00:00:00Z,0942-10-30T00:00:00Z,39,42,3.2958904109589042
174,Clement III,,3,NA,1130-06-30T00:00:00Z,1187-12-19T00:00:00Z,1191-03-20T00:00:00Z,57,60,3.249315068493151
85,John VI,,6,NA,0650-06-30T00:00:00Z,0701-10-30T00:00:00Z,0705-01-11T00:00:00Z,51,54,3.2
182,Urban IV,,4,NA,1195-06-30T00:00:00Z,1261-08-29T00:00:00Z,1264-10-02T00:00:00Z,66,69,3.0931506849315067
102,Sergius II,,2,NA,0790-06-30T00:00:00Z,0844-01-25T00:00:00Z,0847-01-27T00:00:00Z,53,56,3.0054794520547947
68,Adeodatus I,,1,Saint,0570-06-30T00:00:00Z,0615-11-13T00:00:00Z,0618-11-08T00:00:00Z,45,48,2.9863013698630136
244,Innocent XIII,,13,NA,1655-05-13T00:00:00Z,1721-05-08T00:00:00Z,1724-03-07T00:00:00Z,65,68,2.830601092896175
75,Eugene I,,1,Saint,0615-06-30T00:00:00Z,0654-08-10T00:00:00Z,0657-06-02T00:00:00Z,39,41,2.8109589041095893
138,Gregory V,,5,NA,0972-06-30T00:00:00Z,0996-05-03T00:00:00Z,0999-02-18T00:00:00Z,23,26,2.7972602739726025
142,Sergius IV,,4,NA,0970-06-30T00:00:00Z,1009-07-31T00:00:00Z,1012-05-12T00:00:00Z,39,41,2.781420765027322
53,John I,,1,Saint,0470-06-30T00:00:00Z,0523-08-13T00:00:00Z,0526-05-18T00:00:00Z,53,55,2.7616438356164386
188,Nicholas III,,3,NA,1216-06-30T00:00:00Z,1277-11-25T00:00:00Z,1280-08-22T00:00:00Z,61,64,2.7404371584699456
155,Nicholas II,,2,NA,0980-06-30T00:00:00Z,1058-12-06T00:00:00Z,1061-07-27T00:00:00Z,78,81,2.638356164383562
86,John VII,,7,NA,0655-06-30T00:00:00Z,0705-03-01T00:00:00Z,0707-10-18T00:00:00Z,49,52,2.6311475409836067
104,Benedict III,,3,NA,0810-06-30T00:00:00Z,0855-09-29T00:00:00Z,0858-04-17T00:00:00Z,45,47,2.547945205479452
79,Agatho,Agatho,1,Saint,0577-06-30T00:00:00Z,0678-06-27T00:00:00Z,0681-01-10T00:00:00Z,100,103,2.5397260273972604
32,Miltiades,Miltiades,1,Saint,0270-06-30T00:00:00Z,0311-07-02T00:00:00Z,0314-01-10T00:00:00Z,41,43,2.526027397260274
238,Clement IX,,9,NA,1600-01-28T00:00:00Z,1667-06-20T00:00:00Z,1669-12-09T00:00:00Z,67,69,2.4712328767123286
234,Gregory XV,,15,NA,1554-01-09T00:00:00Z,1621-02-09T00:00:00Z,1623-07-08T00:00:00Z,67,69,2.4082191780821915
56,John II,,2,NA,0473-06-30T00:00:00Z,0533-01-02T00:00:00Z,0535-05-08T00:00:00Z,59,61,2.345205479452055
21,Cornelius,Cornelius,1,Saint,0180-06-30T00:00:00Z,0251-03-06T00:00:00Z,0253-06-25T00:00:00Z,70,72,2.304109589041096
153,Victor II,,2,NA,1018-06-30T00:00:00Z,1055-04-13T00:00:00Z,1057-07-28T00:00:00Z,36,39,2.2904109589041095
120,Anastasius III,,3,NA,0865-06-30T00:00:00Z,0911-04-14T00:00:00Z,0913-06-01T00:00:00Z,45,47,2.1315068493150684
55,Boniface II,,2,NA,0490-06-30T00:00:00Z,0530-09-22T00:00:00Z,0532-10-17T00:00:00Z,40,42,2.0684931506849313
39,Anastasius I,,1,Saint,0340-06-30T00:00:00Z,0399-11-27T00:00:00Z,0401-12-19T00:00:00Z,59,61,2.0602739726027397
204,Innocent VII,,7,NA,1336-06-30T00:00:00Z,1404-10-17T00:00:00Z,1406-11-06T00:00:00Z,68,70,2.0547945205479454
124,Stephen VII,,7,Saint,0880-06-30T00:00:00Z,0929-02-03T00:00:00Z,0931-02-13T00:00:00Z,48,50,2.0273972602739727
190,Honorius IV,,4,NA,1210-06-30T00:00:00Z,1285-04-02T00:00:00Z,1287-04-03T00:00:00Z,74,76,2.0027322404371586
50,Anastasius II,,2,NA,0445-06-30T00:00:00Z,0496-11-24T00:00:00Z,0498-11-19T00:00:00Z,51,53,1.9863013698630136
116,John IX,,9,NA,0840-06-30T00:00:00Z,0898-01-18T00:00:00Z,0900-01-05T00:00:00Z,57,59,1.9643835616438357
172,Urban III,,3,NA,1120-06-30T00:00:00Z,1185-11-25T00:00:00Z,1187-10-20T00:00:00Z,65,67,1.9013698630136986
72,John IV,,4,NA,0587-06-30T00:00:00Z,0640-12-24T00:00:00Z,0642-10-12T00:00:00Z,53,55,1.8
41,Zosimus,Zosimus,1,Saint,0370-06-30T00:00:00Z,0417-03-18T00:00:00Z,0418-12-26T00:00:00Z,46,48,1.7753424657534247
218,Adrian VI,,6,NA,1459-03-02T00:00:00Z,1522-01-09T00:00:00Z,1523-09-14T00:00:00Z,62,64,1.6794520547945204
253,Pius VIII,,8,NA,1761-11-20T00:00:00Z,1829-03-31T00:00:00Z,1830-11-30T00:00:00Z,67,69,1.6684931506849314
148,Gregory VI,,6,NA,1000-06-30T00:00:00Z,1045-05-05T00:00:00Z,1046-12-20T00:00:00Z,44,46,1.6273972602739726
65,Sabinian,Sabinian,1,NA,0530-06-30T00:00:00Z,0604-09-13T00:00:00Z,0606-02-22T00:00:00Z,74,75,1.4438356164383561
78,Donus,Donus,1,NA,0610-06-30T00:00:00Z,0676-11-02T00:00:00Z,0678-04-11T00:00:00Z,66,67,1.4383561643835616
108,Marinus I,,1,NA,0830-06-30T00:00:00Z,0882-12-16T00:00:00Z,0884-05-15T00:00:00Z,52,53,1.4125683060109289
168,Anastasius IV,,4,NA,1073-06-30T00:00:00Z,1153-07-12T00:00:00Z,1154-12-03T00:00:00Z,80,81,1.3945205479452054
134,Benedict VI,,6,NA,0925-06-30T00:00:00Z,0973-01-19T00:00:00Z,0974-06-08T00:00:00Z,47,48,1.3835616438356164
31,Eusebius,Eusebius,1,Saint,0255-06-30T00:00:00Z,0309-04-18T00:00:00Z,0310-08-17T00:00:00Z,53,55,1.3315068493150686
109,Adrian III,,3,Saint,0830-06-30T00:00:00Z,0884-05-17T00:00:00Z,0885-09-15T00:00:00Z,53,55,1.3315068493150686
241,Alexander VIII,,8,NA,1610-04-22T00:00:00Z,1689-10-06T00:00:00Z,1691-02-01T00:00:00Z,79,80,1.3232876712328767
158,Victor III,,3,Blessed,1026-06-30T00:00:00Z,1086-05-24T00:00:00Z,1087-09-16T00:00:00Z,59,61,1.314207650273224
113,Stephen VI,,6,Saint,0850-06-30T00:00:00Z,0896-05-22T00:00:00Z,0897-08-14T00:00:00Z,45,47,1.2301369863013698
82,John V,,5,NA,0635-06-30T00:00:00Z,0685-07-23T00:00:00Z,0686-08-02T00:00:00Z,50,51,1.0273972602739727
161,Gelasius II,,2,NA,1061-06-30T00:00:00Z,1118-01-24T00:00:00Z,1119-01-29T00:00:00Z,56,57,1.0136986301369864
57,Agapetus I,,1,Saint,0490-06-30T00:00:00Z,0535-05-13T00:00:00Z,0536-04-22T00:00:00Z,44,45,0.9426229508196722
24,Sixtus II,,2,Saint,0215-06-30T00:00:00Z,0257-08-30T00:00:00Z,0258-08-06T00:00:00Z,42,43,0.9342465753424658
166,Lucius II,,2,NA,1079-06-30T00:00:00Z,1144-03-12T00:00:00Z,1145-02-15T00:00:00Z,64,65,0.9315068493150684
83,Conon,Conon,1,NA,0630-06-30T00:00:00Z,0686-10-21T00:00:00Z,0687-09-21T00:00:00Z,56,57,0.9178082191780822
80,Leo II,,2,Saint,0611-06-30T00:00:00Z,0682-08-17T00:00:00Z,0683-07-03T00:00:00Z,71,72,0.8767123287671232
81,Benedict II,,2,Saint,0635-06-30T00:00:00Z,0684-06-26T00:00:00Z,0685-05-08T00:00:00Z,48,49,0.8657534246575342
229,Gregory XIV,,14,NA,1535-02-11T00:00:00Z,1590-12-05T00:00:00Z,1591-10-16T00:00:00Z,55,56,0.863013698630137
149,Clement II,,2,NA,0967-06-30T00:00:00Z,1046-12-24T00:00:00Z,1047-10-09T00:00:00Z,79,80,0.7917808219178082
58,Silverius,Silverius,1,Saint,0480-06-30T00:00:00Z,0536-06-08T00:00:00Z,0537-03-11T00:00:00Z,55,56,0.7561643835616438
66,Boniface III,,3,NA,0540-06-30T00:00:00Z,0607-02-19T00:00:00Z,0607-11-12T00:00:00Z,66,67,0.7287671232876712
34,Mark,Mark,1,Saint,0290-06-30T00:00:00Z,0336-01-18T00:00:00Z,0336-10-07T00:00:00Z,45,46,0.7185792349726776
136,John XIV,,14,NA,0940-06-30T00:00:00Z,0983-12-01T00:00:00Z,0984-08-20T00:00:00Z,43,44,0.7185792349726776
194,Benedict XI,,11,Blessed,1240-06-30T00:00:00Z,1303-10-22T00:00:00Z,1304-07-07T00:00:00Z,63,64,0.7076502732240437
187,John XXI,,21,NA,1215-06-30T00:00:00Z,1276-09-08T00:00:00Z,1277-05-20T00:00:00Z,61,61,0.6958904109589041
22,Lucius I,,1,Saint,0200-06-30T00:00:00Z,0253-06-25T00:00:00Z,0254-03-05T00:00:00Z,52,53,0.6931506849315069
150,Benedict IX,,9,NA,1012-06-30T00:00:00Z,1047-11-08T00:00:00Z,1048-07-17T00:00:00Z,35,36,0.6885245901639344
132,Leo VIII,,8,NA,0915-06-30T00:00:00Z,0964-06-23T00:00:00Z,0965-03-01T00:00:00Z,48,49,0.6876712328767123
154,Stephen IX,,9,Saint,1020-06-30T00:00:00Z,1057-08-02T00:00:00Z,1058-03-29T00:00:00Z,37,37,0.6547945205479452
30,Marcellus I,,1,Saint,0255-06-30T00:00:00Z,0308-05-27T00:00:00Z,0309-01-16T00:00:00Z,52,53,0.6410958904109589
97,Stephen IV,,4,Saint,0770-06-30T00:00:00Z,0816-06-22T00:00:00Z,0817-01-24T00:00:00Z,45,46,0.5917808219178082
121,Lando,Lando,1,NA,0865-06-30T00:00:00Z,0913-07-07T00:00:00Z,0914-02-05T00:00:00Z,48,48,0.5835616438356165
123,Leo VI,,6,NA,0880-06-30T00:00:00Z,0928-05-28T00:00:00Z,0928-12-01T00:00:00Z,47,48,0.5123287671232877
140,John XVII,,17,NA,0955-06-30T00:00:00Z,1003-05-16T00:00:00Z,1003-11-06T00:00:00Z,47,48,0.47540983606557374
165,Celestine II,,2,NA,1085-06-30T00:00:00Z,1143-09-26T00:00:00Z,1144-03-08T00:00:00Z,58,58,0.44808743169398907
192,Celestine V,,5,Saint,NA,1294-07-05T00:00:00Z,1294-12-13T00:00:00Z,NA,NA,0.4410958904109589
185,Innocent V,,5,Blessed,1224-06-30T00:00:00Z,1276-01-21T00:00:00Z,1276-06-22T00:00:00Z,51,51,0.4180327868852459
118,Leo V,,5,NA,0845-06-30T00:00:00Z,0903-07-30T00:00:00Z,0903-12-01T00:00:00Z,58,58,0.33879781420765026
114,Romanus,Romanus,1,NA,0850-06-30T00:00:00Z,0897-08-14T00:00:00Z,0897-11-01T00:00:00Z,47,47,0.21643835616438356
130,John XII,,12,NA,0937-06-30T00:00:00Z,0964-02-26T00:00:00Z,0964-05-14T00:00:00Z,26,26,0.21311475409836064
71,Severinus,Severinus,1,NA,0585-06-30T00:00:00Z,0640-05-28T00:00:00Z,0640-08-02T00:00:00Z,54,55,0.18082191780821918
230,Innocent IX,,9,NA,1519-07-20T00:00:00Z,1591-10-29T00:00:00Z,1591-12-30T00:00:00Z,72,72,0.16939890710382513
173,Gregory VIII,,8,NA,1100-06-30T00:00:00Z,1187-10-21T00:00:00Z,1187-12-17T00:00:00Z,87,87,0.1557377049180328
146,Sylvester III,,3,NA,1000-06-30T00:00:00Z,1045-01-13T00:00:00Z,1045-03-10T00:00:00Z,44,44,0.15342465753424658
147,Benedict IX,,9,NA,NA,1045-03-10T00:00:00Z,1045-05-01T00:00:00Z,NA,NA,0.14246575342465753
19,Anterus,Anterus,1,Saint,0180-06-30T00:00:00Z,0235-11-21T00:00:00Z,0236-01-03T00:00:00Z,55,55,0.11748633879781421
100,Valentine,Valentine,1,NA,0780-06-30T00:00:00Z,0827-08-31T00:00:00Z,0827-10-10T00:00:00Z,47,47,0.1092896174863388
186,Adrian V,,5,NA,1216-06-30T00:00:00Z,1276-07-11T00:00:00Z,1276-08-18T00:00:00Z,60,60,0.10410958904109589
263,John Paul I,,1,Blessed,1912-10-17T00:00:00Z,1978-08-26T00:00:00Z,1978-09-28T00:00:00Z,65,65,0.09041095890410959
131,Benedict V,,5,NA,0915-06-30T00:00:00Z,0964-05-22T00:00:00Z,0964-06-23T00:00:00Z,48,48,0.08767123287671233
232,Leo XI,,11,NA,1535-06-02T00:00:00Z,1605-04-01T00:00:00Z,1605-04-27T00:00:00Z,69,69,0.07123287671232877
215,Pius III,,3,NA,1439-05-29T00:00:00Z,1503-09-22T00:00:00Z,1503-10-18T00:00:00Z,64,64,0.07103825136612021
151,Damasus II,,2,NA,1000-06-30T00:00:00Z,1048-07-17T00:00:00Z,1048-08-09T00:00:00Z,48,48,0.06301369863013699
222,Marcellus II,,2,NA,1501-05-06T00:00:00Z,1555-04-09T00:00:00Z,1555-05-01T00:00:00Z,53,53,0.060109289617486336
87,Sisinnius,Sisinnius,1,NA,0650-06-30T00:00:00Z,0708-01-15T00:00:00Z,0708-02-04T00:00:00Z,57,57,0.0546448087431694
115,Theodore II,,2,NA,0840-06-30T00:00:00Z,0897-12-01T00:00:00Z,0897-12-20T00:00:00Z,57,57,0.052054794520547946
179,Celestine IV,,4,NA,1180-06-30T00:00:00Z,1241-10-25T00:00:00Z,1241-11-10T00:00:00Z,61,61,0.043835616438356165
112,Boniface VI,,6,NA,0806-06-30T00:00:00Z,0896-04-11T00:00:00Z,0896-04-26T00:00:00Z,89,89,0.0410958904109589
228,Urban VII,,7,NA,1521-08-04T00:00:00Z,1590-09-15T00:00:00Z,1590-09-27T00:00:00Z,69,69,0.03287671232876712
